epoch,step,train_loss
0,2,6.212606430053711
0,5,6.212606430053711
0,8,6.212606430053711
0,11,6.212606906890869
